Datum;ZZP;Ziekteverzuim;Inkoop;Flexpool
2019-01-01;239;8.67;10.19;8
2019-01-02;239;8.59;3.33;9
2019-01-03;239;8.74;12.94;10
2019-01-04;238;8.9;11.25;9
2019-01-05;237;8.74;9.77;9
2019-01-06;238;8.64;9.15;8
2019-01-07;238;8.7;46.38;9
2019-01-08;239;8.65;4.25;12
2019-01-09;240;8.76;6.85;11
2019-01-10;239;8.9;3.44;8
2019-01-11;239;8.75;0.68;13
2019-01-12;240;8.78;13.8;12
2019-01-13;240;8.85;13.92;9
2019-01-14;240;8.86;251.07;8
2019-01-15;238;9;6.59;8
2019-01-16;238;8.92;9.34;9
2019-01-17;239;8.8;6.58;13
2019-01-18;238;8.86;396.43;10
2019-01-19;237;8.95;4.6;8
2019-01-20;237;8.89;5.9;10
2019-01-21;238;8.91;21.01;9
2019-01-22;238;8.84;7.42;10
2019-01-23;238;8.86;1.73;12
2019-01-24;238;8.83;307.71;10
2019-01-25;238;8.98;12.56;8
2019-01-26;238;8.99;62.15;9
2019-01-27;237;9.03;14;7
2019-01-28;236;9.01;93.76;11
2019-01-29;236;9.14;13.73;11
2019-01-30;236;9.03;0.37;9
2019-01-31;236;8.99;3.55;9
2019-02-01;237;8.72;54.82;10
2019-02-02;238;8.63;10.22;10
2019-02-03;239;8.8;6.17;13
2019-02-04;239;8.8;42.21;11
2019-02-05;239;8.6;4.36;8
2019-02-06;239;8.83;9.51;9
2019-02-07;238;8.88;8.36;8
2019-02-08;238;8.95;3.17;8
2019-02-09;238;9.17;6.39;11
2019-02-10;237;8.96;4.76;14
2019-02-11;237;8.85;436.42;11
2019-02-12;238;8.93;340.98;7
2019-02-13;238;8.71;1.64;11
2019-02-14;239;8.57;7.84;9
2019-02-15;240;8.63;0.33;10
2019-02-16;240;8.41;2.36;10
2019-02-17;240;8.66;6.41;12
2019-02-18;242;8.9;90.13;10
2019-02-19;242;8.89;13.16;11
2019-02-20;242;8.98;1.38;9
2019-02-21;241;9.05;1.88;12
2019-02-22;241;9.18;4.83;8
2019-02-23;240;9.17;1.28;11
2019-02-24;240;9.02;3.27;12
2019-02-25;239;8.92;11.13;11
2019-02-26;239;8.96;12.28;12
2019-02-27;240;9.11;12.87;13
2019-02-28;240;9.23;6.49;13
2019-03-01;240;9.15;11.64;9
2019-03-02;240;9.38;4.82;12
2019-03-03;240;9.32;1.66;10
2019-03-04;240;9.46;82.49;12
2019-03-05;240;9.65;1.05;8
2019-03-06;238;9.47;7.45;12
2019-03-07;238;9.59;14.48;12
2019-03-08;239;9.58;14.57;9
2019-03-09;239;9.48;9.69;13
2019-03-10;241;9.74;6.4;8
2019-03-11;240;9.65;69.43;8
2019-03-12;240;9.49;10.55;13
2019-03-13;241;9.53;12.98;11
2019-03-14;241;9.51;11.68;11
2019-03-15;240;9.52;12.57;9
2019-03-16;239;9.4;14.08;11
2019-03-17;239;9.42;9.06;9
2019-03-18;240;9.29;86.17;9
2019-03-19;241;9.45;8.13;11
2019-03-20;241;9.46;8.33;13
2019-03-21;241;9.46;9.31;13
2019-03-22;241;9.37;6.84;11
2019-03-23;242;9.54;13.08;12
2019-03-24;241;9.44;8.72;12
2019-03-25;240;9.44;70.55;10
2019-03-26;240;9.31;13.15;9
2019-03-27;241;9.29;9.01;12
2019-03-28;241;9.19;13.54;10
2019-03-29;241;9.42;6.5;12
2019-03-30;240;9.39;6.93;12
2019-03-31;240;9.42;10.34;12
2019-04-01;239;9.37;46.58;12
2019-04-02;240;9.18;289.03;12
2019-04-03;240;9.08;0.56;10
2019-04-04;240;8.98;3.08;12
2019-04-05;240;8.77;6.77;12
2019-04-06;241;8.81;4.67;10
2019-04-07;241;8.77;5.05;10
2019-04-08;241;8.93;94.37;8
2019-04-09;240;9.03;10.18;9
2019-04-10;239;9.1;12.14;10
2019-04-11;240;9.07;11.46;12
2019-04-12;240;9.08;0.63;11
2019-04-13;240;8.79;7.39;9
2019-04-14;241;8.53;10.16;11
2019-04-15;242;8.48;69.22;12
2019-04-16;243;8.43;5.97;12
2019-04-17;243;8.41;3.77;12
2019-04-18;242;8.44;5.63;10
2019-04-19;242;8.35;6.95;11
2019-04-20;241;8.31;10.29;8
2019-04-21;239;8.26;13.01;8
2019-04-22;240;8.11;29.73;8
2019-04-23;239;8.07;3.64;11
2019-04-24;239;7.99;0.09;12
2019-04-25;240;7.84;8.71;12
2019-04-26;241;7.87;10.87;10
2019-04-27;241;8.02;7.35;11
2019-04-28;242;8.2;12.25;10
2019-04-29;242;8.19;41.49;9
2019-04-30;243;8.22;1.67;9
2019-05-01;243;8.33;354.61;7
2019-05-02;244;8.49;10.76;13
2019-05-03;243;8.49;8.37;10
2019-05-04;244;8.58;1.48;12
2019-05-05;243;8.48;3.06;8
2019-05-06;242;8.54;10.33;8
2019-05-07;243;8.62;12.51;12
2019-05-08;241;8.49;0.26;10
2019-05-09;240;8.39;13.29;9
2019-05-10;239;8.47;8.23;13
2019-05-11;239;8.28;5.13;9
2019-05-12;240;8.36;4.25;7
2019-05-13;241;8.26;12.78;11
2019-05-14;240;8.15;0.45;12
2019-05-15;241;8.17;5.95;15
2019-05-16;242;8.19;2.65;9
2019-05-17;243;8.23;3.28;9
2019-05-18;243;8.36;9.48;9
2019-05-19;243;8.44;1.72;10
2019-05-20;244;8.37;9.3;13
2019-05-21;243;8.37;11.18;11
2019-05-22;243;8.43;4.28;11
2019-05-23;244;8.44;9.78;9
2019-05-24;244;8.39;13.26;11
2019-05-25;245;8.18;14.41;9
2019-05-26;244;8;10.56;12
2019-05-27;244;8.17;205.74;18
2019-05-28;244;8.15;2.74;12
2019-05-29;244;8.13;6.99;10
2019-05-30;243;7.99;12.62;11
2019-05-31;242;7.9;7;10
2019-06-01;241;8.01;2.49;7
2019-06-02;240;8.12;1.34;10
2019-06-03;240;8.02;60.39;10
2019-06-04;240;8;14.16;9
2019-06-05;242;7.98;0.11;9
2019-06-06;242;8.1;11.67;11
2019-06-07;243;8.09;12.36;8
2019-06-08;244;7.96;6.98;8
2019-06-09;245;7.98;12.97;11
2019-06-10;245;8.12;22.93;8
2019-06-11;245;8.12;8.78;10
2019-06-12;245;8.2;10.67;8
2019-06-13;245;8.09;10.61;10
2019-06-14;244;8.11;11.54;8
2019-06-15;243;8.32;13.2;7
2019-06-16;243;8.18;12.36;11
2019-06-17;241;8.2;50.73;9
2019-06-18;241;8.15;6.4;10
2019-06-19;242;7.98;9.93;9
2019-06-20;242;8.04;6.16;9
2019-06-21;243;8.01;1.05;10
2019-06-22;243;8.05;12.54;11
2019-06-23;244;8.22;367;8
2019-06-24;245;8.23;95.6;12
2019-06-25;245;8.33;0.43;10
2019-06-26;245;8.54;9.99;11
2019-06-27;244;8.65;10.22;15
2019-06-28;244;8.63;5.11;11
2019-06-29;245;8.46;2.96;12
2019-06-30;245;8.38;10.6;9
2019-07-01;245;8.22;63.19;9
2019-07-02;245;8.14;5.27;10
2019-07-03;245;7.96;9.28;8
2019-07-04;245;7.77;6.05;11
2019-07-05;245;7.72;2.99;12
2019-07-06;245;7.88;11.15;12
2019-07-07;245;7.84;3.41;9
2019-07-08;245;7.99;35.03;8
2019-07-09;244;8.08;11.55;11
2019-07-10;245;8.05;10.79;10
2019-07-11;245;8.07;7.93;12
2019-07-12;246;8.11;5.94;9
2019-07-13;246;8.12;12.16;9
2019-07-14;246;8;13.25;9
2019-07-15;247;7.94;35.3;8
2019-07-16;248;7.91;2.31;12
2019-07-17;249;8.02;3.73;10
2019-07-18;249;8.14;12.35;12
2019-07-19;249;8.09;14.78;9
2019-07-20;248;8;902.09;11
2019-07-21;248;8.15;4.41;10
2019-07-22;247;8.16;91.7;9
2019-07-23;247;7.99;9.67;11
2019-07-24;247;7.99;1.91;8
2019-07-25;246;7.86;2.66;10
2019-07-26;247;7.89;4.77;8
2019-07-27;247;7.89;5.28;11
2019-07-28;247;7.81;7.84;12
2019-07-29;247;7.58;39.51;12
2019-07-30;247;7.55;8.06;12
2019-07-31;246;7.5;6.31;11
2019-08-01;246;7.57;4.25;8
2019-08-02;246;7.61;7.05;8
2019-08-03;246;7.52;5.43;10
2019-08-04;246;7.48;12.69;8
2019-08-05;245;7.66;30.95;8
2019-08-06;246;7.77;1.14;9
2019-08-07;247;7.69;13.94;10
2019-08-08;247;7.57;384.71;11
2019-08-09;246;7.45;5.19;12
2019-08-10;247;7.39;3.74;10
2019-08-11;247;7.25;1.54;10
2019-08-12;248;7.13;410.5;9
2019-08-13;247;7.1;7.1;11
2019-08-14;248;7.16;14.02;8
2019-08-15;247;7.23;5.5;11
2019-08-16;248;7.42;0.32;7
2019-08-17;247;7.6;4.42;12
2019-08-18;247;7.77;9.73;11
2019-08-19;246;7.75;21.27;8
2019-08-20;246;7.65;476.18;9
2019-08-21;246;7.59;7.66;7
2019-08-22;247;7.53;6.35;10
2019-08-23;247;7.39;8.53;8
2019-08-24;248;7.33;0.17;8
2019-08-25;248;7.37;6.87;9
2019-08-26;247;7.36;70.87;10
2019-08-27;248;7.57;5.07;7
2019-08-28;247;7.56;10.08;8
2019-08-29;247;7.76;14.06;8
2019-08-30;246;7.84;10.66;8
2019-08-31;246;7.79;7.01;8
2019-09-01;246;7.85;6.46;10
2019-09-02;246;7.81;11.83;11
2019-09-03;245;7.64;12.66;8
2019-09-04;246;7.76;3.68;11
2019-09-05;247;7.73;5.75;11
2019-09-06;247;7.58;11.96;9
2019-09-07;248;7.6;10.77;10
2019-09-08;247;7.42;0.47;8
2019-09-09;248;7.61;52.07;10
2019-09-10;249;7.7;4.11;8
2019-09-11;249;7.57;3.9;10
2019-09-12;249;7.55;7.29;11
2019-09-13;249;7.55;10.67;12
2019-09-14;249;7.65;8.58;10
2019-09-15;249;7.73;14.17;7
2019-09-16;249;7.75;75.27;9
2019-09-17;249;7.67;5.33;11
2019-09-18;249;7.8;7.24;10
2019-09-19;249;7.84;3.61;10
2019-09-20;249;8.13;3.6;12
2019-09-21;249;7.97;5.06;8
2019-09-22;251;8.08;1.82;11
2019-09-23;250;7.96;20.42;11
2019-09-24;250;8;9.39;11
2019-09-25;250;8;5.11;8
2019-09-26;249;7.99;14.44;13
2019-09-27;248;7.92;13.28;12
2019-09-28;247;8.11;13.34;7
2019-09-29;247;8.2;13.84;12
2019-09-30;247;8.37;450.01;9
2019-10-01;248;8.36;4.26;8
2019-10-02;247;8.4;7.47;10
2019-10-03;247;8.49;9.09;10
2019-10-04;248;8.52;9.93;9
2019-10-05;249;8.64;3.34;11
2019-10-06;249;8.51;4.68;11
2019-10-07;249;8.46;37.38;8
2019-10-08;248;8.76;10.89;9
2019-10-09;250;8.7;10.21;9
2019-10-10;251;8.79;2.08;10
2019-10-11;251;8.66;2.62;8
2019-10-12;250;8.63;6.13;11
2019-10-13;250;8.65;2.35;9
2019-10-14;251;8.84;25.61;9
2019-10-15;251;8.71;14.21;8
2019-10-16;249;8.84;14.81;8
2019-10-17;250;8.76;12.66;10
2019-10-18;249;8.85;2.46;11
2019-10-19;249;8.67;13.74;11
2019-10-20;250;8.67;5.43;12
2019-10-21;249;8.66;49.33;9
2019-10-22;248;8.6;0.07;10
2019-10-23;248;8.73;12.72;10
2019-10-24;247;8.72;8.27;9
2019-10-25;248;8.65;11.16;11
2019-10-26;247;8.87;7.1;11
2019-10-27;247;8.94;1.74;7
2019-10-28;247;8.91;89.49;10
2019-10-29;249;9.09;8.59;11
2019-10-30;249;9;6.43;8
2019-10-31;250;8.91;6.21;9
2019-11-01;249;8.84;1.77;12
2019-11-02;250;8.62;9.12;10
2019-11-03;248;8.68;4.88;9
2019-11-04;249;8.63;31.9;11
2019-11-05;248;8.37;2.22;13
2019-11-06;249;8.33;420.5;11
2019-11-07;249;8.38;9.89;10
2019-11-08;249;8.4;10.06;8
2019-11-09;250;8.37;6.12;11
2019-11-10;251;8.33;8.82;13
2019-11-11;252;8.29;31.05;12
2019-11-12;252;8.4;13.7;9
2019-11-13;252;8.37;6.96;9
2019-11-14;253;8.48;8.06;11
2019-11-15;253;8.49;6.61;7
2019-11-16;253;8.69;6.08;8
2019-11-17;252;8.55;753.37;9
2019-11-18;251;8.52;63.91;10
2019-11-19;252;8.63;8.74;13
2019-11-20;251;8.67;11.81;8
2019-11-21;251;8.64;7.1;11
2019-11-22;250;8.76;11.05;10
2019-11-23;250;8.88;1.88;9
2019-11-24;250;9.11;14.02;12
2019-11-25;250;9.26;39.17;10
2019-11-26;249;9.38;8.57;11
2019-11-27;249;9.56;0.53;11
2019-11-28;249;9.68;3.69;13
2019-11-29;250;9.62;3.59;13
2019-11-30;250;9.57;4.79;9
2019-12-01;250;9.39;4.25;12
2019-12-02;251;9.31;37.11;8
2019-12-03;250;9.03;11.64;11
2019-12-04;252;8.85;1.14;11
2019-12-05;252;8.77;8.04;9
2019-12-06;251;8.82;6.5;12
2019-12-07;251;8.76;14.65;8
2019-12-08;252;8.73;4.41;9
2019-12-09;251;8.63;9.96;14
2019-12-10;251;8.77;10.09;10
2019-12-11;250;8.77;0.53;11
2019-12-12;251;8.78;6.18;13
2019-12-13;251;8.92;10.31;10
2019-12-14;251;8.97;4.27;11
2019-12-15;250;9.15;3.29;12
2019-12-16;250;9.28;33.28;13
2019-12-17;251;9.29;10.24;9
2019-12-18;251;9.47;3.38;9
2019-12-19;251;9.46;5.86;18
2019-12-20;251;9.3;1.12;13
2019-12-21;252;9.31;14.19;11
2019-12-22;252;9.21;70.21;10
2019-12-23;253;9.09;32.93;12
2019-12-24;252;8.95;13.22;13
2019-12-25;251;8.73;8.39;11
2019-12-26;251;8.71;674.91;11
2019-12-27;251;8.75;3.47;14
2019-12-28;252;8.55;11.19;11
2019-12-29;251;8.69;7.39;8
2019-12-30;250;8.93;288.43;12
2019-12-31;250;8.94;9.97;9
2020-01-01;250;8.87;12.96;11
2020-01-02;251;8.77;2.41;11
2020-01-03;250;8.68;2.78;10
2020-01-04;249;8.87;10.12;7
2020-01-05;249;8.75;12.4;10
2020-01-06;250;8.53;75.4;14
2020-01-07;252;8.52;0.44;9
2020-01-08;252;8.74;8.7;9
2020-01-09;252;8.67;9.93;11
2020-01-10;252;8.88;4.22;9
2020-01-11;252;8.86;5.3;11
2020-01-12;253;8.72;86.47;10
2020-01-13;252;8.84;66.46;11
2020-01-14;251;8.85;1.33;12
2020-01-15;251;8.76;0.58;11
2020-01-16;250;8.88;8.81;8
2020-01-17;250;8.84;6.01;12
2020-01-18;251;8.68;11.92;8
2020-01-19;251;8.88;0.49;11
2020-01-20;251;8.85;61.41;12
2020-01-21;251;9.1;14.58;12
2020-01-22;252;9.18;9.69;11
2020-01-23;253;9.05;13.89;9
2020-01-24;252;9.05;8.11;11
2020-01-25;253;9.07;8.9;12
2020-01-26;252;9.02;4.32;11
2020-01-27;253;9.08;46.63;8
2020-01-28;252;8.96;1.94;9
2020-01-29;252;9.01;2.63;9
2020-01-30;252;9.08;11.86;8
2020-01-31;252;8.96;0.55;12
2020-02-01;252;9.07;9.46;11
2020-02-02;252;9.12;4.91;10
2020-02-03;251;8.94;73.2;12
2020-02-04;252;8.85;0.26;8
2020-02-05;253;8.81;3.34;9
2020-02-06;254;8.83;3.46;13
2020-02-07;254;8.88;10.33;11
2020-02-08;254;8.82;11.91;10
2020-02-09;254;8.64;0.4;11
2020-02-10;254;8.71;92.13;10
2020-02-11;254;8.78;3.21;9
2020-02-12;254;8.6;7.69;11
2020-02-13;252;8.75;11.39;10
2020-02-14;252;8.67;12.27;12
2020-02-15;252;8.75;8.61;9
2020-02-16;252;8.9;2.1;10
2020-02-17;253;8.87;24.49;13
2020-02-18;253;9.03;12.98;13
2020-02-19;252;9.33;265.95;11
2020-02-20;252;9.3;6.8;12
2020-02-21;253;9.39;8.27;10
2020-02-22;252;9.25;7.98;9
2020-02-23;252;9.24;13.6;11
2020-02-24;251;9.41;100.81;13
2020-02-25;251;9.29;14.73;12
2020-02-26;251;9.15;2.9;12
2020-02-27;250;8.97;3.66;12
2020-02-28;250;9.02;13.52;13
2020-02-29;251;9.19;9.72;13
2020-03-01;252;9.15;4.76;10
2020-03-02;253;9.06;76.33;8
2020-03-03;254;9.05;8.19;12
2020-03-04;254;9.12;15.04;9
2020-03-05;255;9.36;4.73;14
2020-03-06;256;9.38;133.24;11
2020-03-07;255;9.44;9.09;10
2020-03-08;253;9.53;9.96;12
2020-03-09;254;9.58;49.95;11
2020-03-10;253;9.69;13.81;11
2020-03-11;254;9.55;0.95;13
2020-03-12;254;9.49;10.55;11
2020-03-13;253;9.62;13.43;9
2020-03-14;255;9.53;8.21;13
2020-03-15;256;9.41;12.3;19
2020-03-16;256;9.44;36.16;12
2020-03-17;256;9.33;4.37;10
2020-03-18;257;9.49;387.76;13
2020-03-19;257;9.53;0.34;11
2020-03-20;257;9.32;9.13;14
2020-03-21;256;9.28;2.98;12
2020-03-22;256;9.43;5.3;12
2020-03-23;255;9.46;80.05;8
2020-03-24;255;9.53;8.75;11
2020-03-25;255;9.34;8;11
2020-03-26;255;9.2;153.4;12
2020-03-27;256;9.34;320.25;11
2020-03-28;256;9.25;414.53;9
2020-03-29;258;9.2;1.91;12
2020-03-30;257;9.1;79.63;13
2020-03-31;258;9.05;1.52;11
2020-04-01;258;9.23;11.43;13
2020-04-02;259;9.29;12.73;10
2020-04-03;258;9.29;8.46;11
2020-04-04;257;9.5;1.7;10
2020-04-05;256;9.53;8.26;12
2020-04-06;257;9.5;0.04;8
2020-04-07;256;9.39;10.39;12
2020-04-08;255;9.28;3.36;9
2020-04-09;255;9.25;4.6;11
2020-04-10;255;9.23;6.06;12
2020-04-11;256;9.18;0.72;9
2020-04-12;257;9.08;9.43;12
2020-04-13;257;9.1;50.96;9
2020-04-14;257;9.13;11.16;8
2020-04-15;256;9.04;12.46;12
2020-04-16;257;8.94;4.03;9
2020-04-17;256;8.84;9.02;12
2020-04-18;257;8.82;2.24;11
2020-04-19;257;8.63;14.9;10
2020-04-20;256;8.62;84.89;10
2020-04-21;256;8.66;5.34;12
2020-04-22;257;8.67;0.88;9
2020-04-23;256;8.51;5.66;10
2020-04-24;255;8.48;0.89;10
2020-04-25;255;8.29;4.4;11
2020-04-26;255;8.38;8.52;12
2020-04-27;255;8.29;110.91;10
2020-04-28;255;8.09;4.49;8
2020-04-29;255;8.12;2.11;9
2020-04-30;255;8.24;494.72;11
2020-05-01;257;8.25;5.59;10
2020-05-02;256;8.18;0.69;10
2020-05-03;256;8.26;121.95;13
2020-05-04;257;8.12;22.29;12
2020-05-05;258;8.35;11.06;12
2020-05-06;258;8.36;7.21;9
2020-05-07;257;8.23;11.4;10
2020-05-08;257;8.28;8.97;8
2020-05-09;256;8.44;0.65;9
2020-05-10;256;8.45;12.38;10
2020-05-11;256;8.55;96.11;10
2020-05-12;255;8.38;14.14;11
2020-05-13;255;8.42;11.98;12
2020-05-14;256;8.55;5.62;8
2020-05-15;257;8.38;9.21;10
2020-05-16;258;8.41;10.35;7
2020-05-17;259;8.45;5.63;8
2020-05-18;257;8.57;367.65;8
2020-05-19;258;8.69;12.6;8
2020-05-20;258;8.68;7.15;7
2020-05-21;258;8.55;440.26;10
2020-05-22;257;8.6;13.23;9
2020-05-23;257;8.36;7.41;12
2020-05-24;256;8.2;4.99;11
2020-05-25;256;8.13;55.65;10
2020-05-26;255;7.95;1.04;11
2020-05-27;256;7.74;13.95;6
2020-05-28;256;7.85;14.19;10
2020-05-29;256;7.7;11.72;7
2020-05-30;256;7.78;14.57;11
2020-05-31;255;7.92;0.02;8
2020-06-01;255;7.91;82.87;7
2020-06-02;256;8.04;9.44;16
2020-06-03;257;8.23;12.98;8
2020-06-04;257;8.22;536.38;7
2020-06-05;258;8.3;8.25;10
2020-06-06;258;8.36;1.84;7
2020-06-07;259;8.14;11.12;10
2020-06-08;260;8.17;83.99;9
2020-06-09;259;7.97;14.04;13
2020-06-10;257;7.9;12.88;9
2020-06-11;256;7.82;12.16;9
2020-06-12;256;7.75;11.96;9
2020-06-13;255;7.62;1.66;11
2020-06-14;256;7.8;10.56;10
2020-06-15;256;7.62;10.17;11
2020-06-16;257;7.72;1.06;10
2020-06-17;258;7.8;6.53;10
2020-06-18;259;7.95;8.42;12
2020-06-19;259;7.95;3.13;12
2020-06-20;260;7.93;0.19;9
2020-06-21;258;7.84;6.36;11
2020-06-22;258;7.98;39.97;9
2020-06-23;257;8.08;3.59;11
2020-06-24;258;8.14;2.3;12
2020-06-25;258;8.04;7.59;11
2020-06-26;257;8.28;11.75;11
2020-06-27;257;8.31;14.61;8
2020-06-28;258;8.29;12.83;9
2020-06-29;259;8.33;30.06;10
2020-06-30;259;8.21;0.05;11
2020-07-01;259;8.22;4.12;9
2020-07-02;259;8.18;13.32;12
2020-07-03;259;8.05;9.9;9
2020-07-04;260;8.24;8.02;12
2020-07-05;259;8.3;9.36;9
2020-07-06;259;8.13;96.62;11
2020-07-07;260;8.15;2.8;9
2020-07-08;259;8.02;6.61;11
2020-07-09;259;8.21;0.79;10
2020-07-10;260;8.21;6.01;11
2020-07-11;259;8.14;6.05;11
2020-07-12;259;8.19;420.12;8
2020-07-13;258;8.43;78.62;9
2020-07-14;257;8.58;1.36;7
2020-07-15;258;8.64;12.15;12
2020-07-16;257;8.56;14;8
2020-07-17;257;8.58;0.01;11
2020-07-18;258;8.65;12.63;8
2020-07-19;259;8.66;3.18;10
2020-07-20;258;8.55;10.19;11
2020-07-21;259;8.47;0.2;13
2020-07-22;259;8.45;1;10
2020-07-23;260;8.4;12.76;7
2020-07-24;260;8.37;6.53;12
2020-07-25;259;8.37;12.41;12
2020-07-26;259;8.13;14.52;13
2020-07-27;259;8.11;43.49;10
2020-07-28;258;8.02;10.28;9
2020-07-29;258;8.06;8;10
2020-07-30;258;8.07;3.19;10
2020-07-31;258;8.08;1.62;8
2020-08-01;258;7.99;11.8;12
2020-08-02;258;8.03;12.03;12
2020-08-03;260;7.9;0.87;8
2020-08-04;260;7.99;12.28;9
2020-08-05;259;7.92;0.35;9
2020-08-06;260;7.92;0.48;10
2020-08-07;260;7.72;14.58;12
2020-08-08;260;7.73;0.66;9
2020-08-09;260;7.65;6.47;8
2020-08-10;260;7.56;41.2;12
2020-08-11;261;7.37;2.66;9
2020-08-12;260;7.31;15.01;10
2020-08-13;260;7.07;5.21;10
2020-08-14;260;7.15;10.36;12
2020-08-15;260;7.12;6.52;9
2020-08-16;259;7.37;2.59;11
2020-08-17;258;7.49;45.82;11
2020-08-18;257;7.48;0.16;9
2020-08-19;258;7.52;10.71;8
2020-08-20;258;7.63;0.03;10
2020-08-21;258;7.76;12.95;7
2020-08-22;259;7.6;5.78;12
2020-08-23;258;7.4;9.73;13
2020-08-24;259;7.55;31.55;9
2020-08-25;260;7.65;1.7;8
2020-08-26;259;7.64;11.95;9
2020-08-27;256;7.59;11.22;18
2020-08-28;255;7.44;13.85;7
2020-08-29;255;7.58;0.73;10
2020-08-30;257;7.6;9.65;8
2020-08-31;257;7.6;39.19;10
2020-09-01;258;7.65;233.39;12
2020-09-02;259;7.7;10.36;11
2020-09-03;261;7.87;5.02;12
2020-09-04;262;7.86;5.91;10
2020-09-05;262;7.75;13.73;11
2020-09-06;261;7.9;8.85;11
2020-09-07;261;7.71;15.96;10
2020-09-08;260;7.67;13.49;7
2020-09-09;261;7.72;13.8;10
2020-09-10;261;7.75;4.5;9
2020-09-11;261;7.84;12.67;10
2020-09-12;260;7.93;2;12
2020-09-13;261;7.84;5.97;12
2020-09-14;261;7.95;390.89;10
2020-09-15;261;8.11;9.42;8
2020-09-16;261;8.08;13.98;11
2020-09-17;261;8.16;832.23;12
2020-09-18;261;8.17;177.77;7
2020-09-19;262;8.3;7.12;11
2020-09-20;262;8.47;11.39;10
2020-09-21;262;8.63;25.29;12
2020-09-22;261;8.51;8.01;7
2020-09-23;261;8.42;4;8
2020-09-24;262;8.34;10.81;8
2020-09-25;262;8.32;10.52;11
2020-09-26;261;8.32;385.69;11
2020-09-27;262;8.24;6.03;11
2020-09-28;262;8.13;62.79;12
2020-09-29;262;8.24;6.17;8
2020-09-30;262;8.39;13.37;9
2020-10-01;261;8.37;5.12;12
2020-10-02;262;8.45;0.13;13
2020-10-03;262;8.28;13.95;12
2020-10-04;262;8.16;1.56;12
2020-10-05;262;8.19;3.41;11
2020-10-06;261;8.29;7.56;9
2020-10-07;261;8.2;2.08;9
2020-10-08;261;8.17;12.84;12
2020-10-09;260;8.29;3.67;12
2020-10-10;260;8.51;1.76;12
2020-10-11;261;8.64;496.11;8
2020-10-12;261;8.61;7.28;9
2020-10-13;262;8.4;7.89;14
2020-10-14;261;8.58;0.82;13
2020-10-15;261;8.8;3.16;12
2020-10-16;261;8.73;8.86;9
2020-10-17;261;8.85;6.47;10
2020-10-18;261;9.04;7.29;13
2020-10-19;262;9.24;22.8;9
2020-10-20;262;9.26;7.29;11
2020-10-21;262;9.13;4.67;11
2020-10-22;260;8.92;4.3;11
2020-10-23;261;9.06;7.65;14
2020-10-24;261;8.92;14.54;10
2020-10-25;260;8.8;13.71;12
2020-10-26;260;8.65;17.46;11
2020-10-27;260;8.61;10.21;13
2020-10-28;262;8.65;6.81;10
2020-10-29;264;8.64;13.52;9
2020-10-30;264;8.52;2.39;8
2020-10-31;265;8.49;10.01;10
2020-11-01;265;8.47;12.6;9
2020-11-02;265;8.44;9.64;11
2020-11-03;266;8.66;3.4;12
2020-11-04;265;8.58;15.15;9
2020-11-05;264;8.75;14.36;10
2020-11-06;264;8.69;9.09;9
2020-11-07;264;8.68;8.07;13
2020-11-08;264;8.65;5.57;7
2020-11-09;264;8.61;93.11;12
2020-11-10;263;8.44;2.21;12
2020-11-11;263;8.54;10.02;7
2020-11-12;264;8.46;12.07;11
2020-11-13;265;8.62;12.6;12
2020-11-14;265;8.7;13.28;10
2020-11-15;264;8.59;2.62;12
2020-11-16;264;8.61;99.79;9
2020-11-17;265;8.81;12.9;8
2020-11-18;264;8.62;0.8;9
2020-11-19;264;8.57;7.42;9
2020-11-20;264;8.62;13.42;10
2020-11-21;264;8.53;6.37;14
2020-11-22;264;8.65;6.03;9
2020-11-23;264;8.66;29.31;13
2020-11-24;265;8.54;9.4;10
2020-11-25;265;8.71;14.2;13
2020-11-26;265;8.76;12.9;13
2020-11-27;265;8.76;7.14;9
2020-11-28;264;8.95;14.33;9
2020-11-29;265;9.09;774.05;12
2020-11-30;265;9.11;2.93;9
2020-12-01;265;9.03;10.87;10
2020-12-02;264;9.04;3.52;14
2020-12-03;264;9.1;0.27;13
2020-12-04;264;9.09;10.82;10
2020-12-05;265;9.07;13.7;12
2020-12-06;265;8.91;10.69;12
2020-12-07;265;8.91;21.12;12
2020-12-08;264;9.1;6.83;9
2020-12-09;265;9.21;6.02;12
2020-12-10;264;9.36;1.71;10
2020-12-11;264;9.28;12.63;9
2020-12-12;263;9.17;8.77;12
2020-12-13;264;9.32;12.46;11
2020-12-14;265;9.42;35.11;8
2020-12-15;264;9.4;6.45;10
2020-12-16;264;9.36;8.4;14
2020-12-17;265;9.3;9.89;12
2020-12-18;264;9.32;5.12;10
2020-12-19;264;9.41;13.55;10
2020-12-20;264;9.41;14.35;10
2020-12-21;264;9.44;47.66;13
2020-12-22;264;9.37;3.98;9
2020-12-23;264;9.33;14.92;13
2020-12-24;265;9.18;11.9;12
2020-12-25;265;9.1;6.96;11
2020-12-26;265;9.07;0.08;14
2020-12-27;264;9.09;9.83;11
2020-12-28;263;8.92;0.23;8
2020-12-29;264;8.94;68.8;14
2020-12-30;264;8.89;9.64;9
2020-12-31;264;8.87;9.37;10
2021-01-01;264;8.9;13.96;13
2021-01-02;264;8.74;6.11;12
2021-01-03;265;8.71;6.87;8
2021-01-04;265;8.89;94.94;12
2021-01-05;265;8.89;993.7;9
2021-01-06;265;9.04;3.74;12
2021-01-07;265;9.02;3.06;12
2021-01-08;265;9.08;13.82;9
2021-01-09;265;9.08;4.17;10
2021-01-10;266;9.14;7.92;10
2021-01-11;266;8.98;38.46;10
2021-01-12;266;8.99;10.31;13
2021-01-13;266;8.91;5.24;12
2021-01-14;266;9.03;3.28;10
2021-01-15;265;8.96;14.86;10
2021-01-16;266;9.01;10.27;12
2021-01-17;266;8.72;2.56;9
2021-01-18;265;8.66;91.3;9
2021-01-19;265;8.57;1.05;12
2021-01-20;266;8.56;7.87;10
2021-01-21;266;8.5;10.12;11
2021-01-22;266;8.5;12.8;13
2021-01-23;266;8.62;3.76;15
2021-01-24;266;8.72;2.38;11
2021-01-25;266;8.77;101.24;10
2021-01-26;267;8.89;3.16;11
2021-01-27;266;8.8;8.01;9
2021-01-28;267;8.91;5.55;9
2021-01-29;268;8.89;12.89;13
2021-01-30;267;8.76;0.45;12
2021-01-31;268;8.78;15.23;12
2021-02-01;268;8.91;71.01;11
2021-02-02;267;8.96;0.55;10
2021-02-03;267;9.08;9.64;8
2021-02-04;267;9.08;4.28;11
2021-02-05;267;9.18;13.76;13
2021-02-06;268;9.28;12.84;12
2021-02-07;267;9.26;2.24;13
2021-02-08;268;9.14;17.67;12
2021-02-09;268;9;1.76;13
2021-02-10;268;8.96;41.08;11
2021-02-11;268;8.8;4.53;13
2021-02-12;268;8.81;11.71;12
2021-02-13;267;8.65;13.77;12
2021-02-14;267;8.73;3.13;11
2021-02-15;266;8.87;30.23;13
2021-02-16;266;9;4.68;9
2021-02-17;265;8.93;7.5;11
2021-02-18;265;9.05;12.04;9
2021-02-19;265;8.94;12.53;10
2021-02-20;266;9.19;5.84;14
2021-02-21;266;9.26;10.8;13
2021-02-22;266;9.28;86.74;11
2021-02-23;266;9.26;6.48;12
2021-02-24;266;9.34;9.54;13
2021-02-25;265;9.29;11.78;9
2021-02-26;266;9.52;15.01;10
2021-02-27;265;9.32;2.74;11
2021-02-28;266;9.33;6.22;13
2021-03-01;266;9.37;88.74;11
2021-03-02;266;9.52;2.7;12
2021-03-03;266;9.57;11.5;13
2021-03-04;266;9.63;10.34;12
2021-03-05;266;9.44;8.98;11
2021-03-06;266;9.56;15.22;12
2021-03-07;266;9.64;12.88;11
2021-03-08;267;9.49;74.43;12
2021-03-09;267;9.3;7.8;12
2021-03-10;267;9.33;107.26;13
2021-03-11;268;9.3;12.31;11
2021-03-12;268;9.43;364.98;13
2021-03-13;269;9.29;2.67;12
2021-03-14;269;9.1;11.7;18
2021-03-15;267;9.23;74.42;13
2021-03-16;268;9.28;174.1;12
2021-03-17;268;9.18;14.04;13
2021-03-18;268;9.37;13.42;12
2021-03-19;268;9.43;7.84;15
2021-03-20;266;9.61;15.09;13
2021-03-21;266;9.58;0.4;9
2021-03-22;267;9.46;3.58;10
2021-03-23;267;9.57;7.11;12
2021-03-24;267;9.45;11.05;12
2021-03-25;266;9.34;5.28;13
2021-03-26;267;9.16;4.45;11
2021-03-27;268;9.09;12.86;13
2021-03-28;268;9.27;1.61;13
2021-03-29;268;9.35;93.4;11
2021-03-30;268;9.21;5.65;13
2021-03-31;266;9.21;13.22;13
2021-04-01;267;9.07;11.42;9
2021-04-02;267;8.95;10.39;15
2021-04-03;267;8.9;10.07;13
2021-04-04;268;8.87;2.48;12
2021-04-05;269;8.76;24.12;13
2021-04-06;270;8.79;9.95;10
2021-04-07;271;8.84;5.58;11
2021-04-08;271;8.89;8.85;15
2021-04-09;271;8.89;11.78;11
2021-04-10;270;8.83;14.8;9
2021-04-11;268;8.72;5.61;14
2021-04-12;268;8.73;97.24;13
2021-04-13;269;8.74;8.05;12
2021-04-14;270;8.79;176.5;9
2021-04-15;270;8.76;9.49;10
2021-04-16;270;8.73;11.99;12
2021-04-17;270;8.88;2.45;11
2021-04-18;270;8.75;8.56;13
2021-04-19;271;8.59;49.57;12
2021-04-20;270;8.51;10.68;10
2021-04-21;269;8.32;2.42;10
2021-04-22;269;8.17;4.53;10
2021-04-23;269;8.28;9.02;11
2021-04-24;269;8.17;14.32;10
2021-04-25;269;8.25;4.75;9
2021-04-26;269;8.3;86.94;9
2021-04-27;270;8.39;6.75;9
2021-04-28;269;8.61;423.59;11
2021-04-29;270;8.81;236.55;12
2021-04-30;270;8.76;13.26;7
2021-05-01;271;8.76;473.04;11
2021-05-02;271;8.79;14.15;12
2021-05-03;270;8.8;62.27;11
2021-05-04;269;8.81;14.96;13
2021-05-05;270;8.73;13.4;8
2021-05-06;269;8.76;12.04;9
2021-05-07;268;8.82;110.39;12
2021-05-08;268;8.84;11.41;12
2021-05-09;268;8.83;6.59;12
2021-05-10;269;8.92;69.79;13
2021-05-11;270;8.79;110.95;12
2021-05-12;270;8.66;1.24;10
2021-05-13;270;8.56;0.14;10
2021-05-14;271;8.57;6.01;11
2021-05-15;270;8.59;11.67;10
2021-05-16;270;8.62;7.84;11
2021-05-17;270;8.65;73.49;13
2021-05-18;271;8.57;12.54;9
2021-05-19;271;8.58;14.46;13
2021-05-20;271;8.48;4.95;9
2021-05-21;270;8.29;7.89;11
2021-05-22;271;8.19;5.56;12
2021-05-23;271;8.18;3.03;9
2021-05-24;270;7.92;71.29;10
2021-05-25;270;7.87;10;8
2021-05-26;269;7.87;14.73;13
2021-05-27;269;8.02;3.46;11
2021-05-28;270;8.07;2.27;10
2021-05-29;270;8.17;13.47;14
2021-05-30;270;8.05;14.86;11
2021-05-31;271;8.18;0.95;17
2021-06-01;270;8.38;6.29;11
2021-06-02;271;8.28;12.09;11
2021-06-03;272;8.03;6;8
2021-06-04;271;8.1;9.67;11
2021-06-05;270;8.01;8.08;11
2021-06-06;271;7.98;14.14;11
2021-06-07;270;7.98;64.77;12
2021-06-08;271;7.82;14.21;11
2021-06-09;271;7.92;12.98;11
2021-06-10;270;7.93;6.51;12
2021-06-11;270;8;4.99;10
2021-06-12;271;8.01;12.36;13
2021-06-13;271;7.94;13.38;10
2021-06-14;271;8.01;20.52;12
2021-06-15;271;7.99;11.68;10
2021-06-16;271;7.9;0.83;12
2021-06-17;270;8.01;8.27;8
2021-06-18;270;7.79;5.21;11
2021-06-19;269;7.76;5.1;12
2021-06-20;269;7.88;8.94;10
2021-06-21;269;7.75;98.15;9
2021-06-22;270;7.93;0.17;10
2021-06-23;271;7.95;13.81;9
2021-06-24;271;7.93;5.64;9
2021-06-25;271;8.11;11.84;11
2021-06-26;272;8.21;10.38;10
2021-06-27;273;8.09;1.67;10
2021-06-28;273;8.28;57.68;9
2021-06-29;273;8.27;5.92;12
2021-06-30;273;8.27;0.26;12
2021-07-01;273;8.47;12.88;8
2021-07-02;273;8.4;10.63;8
2021-07-03;273;8.35;7.18;9
2021-07-04;272;8.54;5.06;12
2021-07-05;273;8.48;69.74;9
2021-07-06;272;8.39;13.88;10
2021-07-07;273;8.51;3.97;12
2021-07-08;273;8.42;11.83;8
2021-07-09;273;8.58;2.69;12
2021-07-10;274;8.51;10.08;12
2021-07-11;274;8.58;5.46;12
2021-07-12;273;8.44;87.68;11
2021-07-13;273;8.42;2.48;11
2021-07-14;272;8.29;15.13;13
2021-07-15;274;8.32;2.89;8
2021-07-16;273;8.2;14.3;13
2021-07-17;273;8.15;2.91;12
2021-07-18;274;7.9;2.7;12
2021-07-19;274;7.96;397.57;10
2021-07-20;274;7.83;9.56;12
2021-07-21;275;8.01;9.85;14
2021-07-22;274;7.87;6.96;7
2021-07-23;274;7.81;3.28;9
2021-07-24;273;7.97;7.99;10
2021-07-25;272;8.11;6.64;10
2021-07-26;273;8.01;75.21;8
2021-07-27;274;8.01;3.64;13
2021-07-28;274;7.86;13.19;9
2021-07-29;274;7.78;9.19;9
2021-07-30;274;7.87;12.93;10
2021-07-31;274;7.61;120.81;11
2021-08-01;275;7.6;2.97;11
2021-08-02;273;7.6;71.26;13
2021-08-03;273;7.8;8.1;10
2021-08-04;274;7.73;6.29;8
2021-08-05;274;7.83;10.78;8
2021-08-06;274;7.64;12.6;9
2021-08-07;274;7.81;3.79;10
2021-08-08;273;7.78;11.35;11
2021-08-09;274;7.81;3.64;9
2021-08-10;274;7.71;14.89;11
2021-08-11;274;7.64;13.02;12
2021-08-12;274;7.45;8.58;12
2021-08-13;273;7.54;8.94;11
2021-08-14;274;7.41;1.35;12
2021-08-15;274;7.33;8.1;10
2021-08-16;275;7.38;85.96;12
2021-08-17;275;7.43;1.63;10
2021-08-18;274;7.41;10.95;9
2021-08-19;275;7.62;12.19;7
2021-08-20;275;7.45;13.27;10
2021-08-21;275;7.51;12.61;7
2021-08-22;275;7.66;4.16;8
2021-08-23;273;7.7;39.86;11
2021-08-24;273;7.71;0.42;11
2021-08-25;274;7.77;11.8;11
2021-08-26;274;7.8;8.84;11
2021-08-27;275;8.04;9.66;11
2021-08-28;275;8.17;7.36;10
2021-08-29;275;8.09;479.03;11
2021-08-30;276;7.96;11.94;10
2021-08-31;277;7.85;6.14;10
2021-09-01;276;7.88;4.11;10
2021-09-02;275;7.78;8.47;8
2021-09-03;274;7.61;13.49;12
2021-09-04;274;7.61;2.77;10
2021-09-05;274;7.53;8.65;11
2021-09-06;274;7.59;95.73;11
2021-09-07;273;7.67;12.29;10
2021-09-08;273;7.73;3.71;11
2021-09-09;274;7.9;10.58;9
2021-09-10;274;8.06;9.67;11
2021-09-11;273;7.86;13.8;10
2021-09-12;274;7.89;3.2;11
2021-09-13;273;7.85;885.66;11
2021-09-14;274;7.96;14.76;13
2021-09-15;274;7.94;14.17;12
2021-09-16;274;7.93;4.44;10
2021-09-17;273;7.98;4.96;11
2021-09-18;274;8.11;8.26;7
2021-09-19;274;8.1;15.2;9
2021-09-20;275;8.12;95.84;11
2021-09-21;273;7.96;5.33;13
2021-09-22;273;7.98;4.35;8
2021-09-23;273;8;0.51;12
2021-09-24;275;7.91;1.81;9
2021-09-25;275;7.97;2.48;11
2021-09-26;275;8.07;13.54;13
2021-09-27;275;8.28;56.43;12
2021-09-28;275;8.42;4.98;10
2021-09-29;276;8.36;443.23;13
2021-09-30;276;8.21;10.01;13
2021-10-01;275;8.16;1.58;11
2021-10-02;275;8.15;5.48;10
2021-10-03;274;8.14;5.81;17
2021-10-04;275;7.97;75.13;9
2021-10-05;275;7.89;405.96;11
2021-10-06;276;8.17;9.54;17
2021-10-07;276;8.21;0.19;9
2021-10-08;277;8.35;3.62;11
2021-10-09;277;8.37;7.09;11
2021-10-10;278;8.39;1.37;13
2021-10-11;278;8.55;14.84;9
2021-10-12;278;8.51;5.1;10
2021-10-13;278;8.41;1.28;13
2021-10-14;278;8.49;2.86;12
2021-10-15;278;8.57;4.6;13
2021-10-16;277;8.48;12.08;9
2021-10-17;278;8.52;7.81;11
2021-10-18;278;8.38;15.02;12
2021-10-19;277;8.53;7.24;13
2021-10-20;277;8.53;13.15;13
2021-10-21;277;8.5;15.16;12
2021-10-22;277;8.45;11.56;12
2021-10-23;276;8.62;2.5;12
2021-10-24;274;8.72;7.89;13
2021-10-25;274;8.95;71.15;10
2021-10-26;274;8.97;0.38;10
2021-10-27;274;8.87;9.76;11
2021-10-28;275;8.86;12.61;11
2021-10-29;275;8.79;6.81;9
2021-10-30;275;8.72;6.34;12
2021-10-31;276;8.74;6.86;10
2021-11-01;276;8.52;60.56;8
2021-11-02;275;8.38;4.83;12
2021-11-03;275;8.56;5.23;13
2021-11-04;274;8.54;5.07;11
2021-11-05;274;8.54;9.79;11
2021-11-06;275;8.58;0.8;11
2021-11-07;276;8.38;0.55;10
2021-11-08;276;8.41;490.12;13
2021-11-09;278;8.35;15.14;11
2021-11-10;278;8.16;6.16;12
2021-11-11;279;8.19;3.09;11
2021-11-12;279;8.21;4.75;14
2021-11-13;278;8.2;0.81;11
2021-11-14;279;8.26;14.94;13
2021-11-15;278;8.28;6.09;16
2021-11-16;277;8.45;12.37;12
2021-11-17;277;8.53;3.02;9
2021-11-18;277;8.71;14.83;13
2021-11-19;277;8.72;12.11;9
2021-11-20;277;8.62;13.03;9
2021-11-21;276;8.7;9.51;8
2021-11-22;277;8.74;40.33;15
2021-11-23;277;8.66;180.24;10
2021-11-24;276;8.78;12.2;11
2021-11-25;277;8.78;6.16;12
2021-11-26;277;8.8;12.35;14
2021-11-27;277;8.86;1.88;13
2021-11-28;277;8.94;12.04;13
2021-11-29;277;8.96;431.65;12
2021-11-30;278;9.05;2.5;13
2021-12-01;278;8.96;14.89;9
2021-12-02;278;8.93;6.91;13
2021-12-03;277;8.95;8.07;10
2021-12-04;277;8.91;2.9;11
2021-12-05;278;8.91;254.59;10
2021-12-06;278;8.92;44.27;14
2021-12-07;278;8.96;10.01;14
2021-12-08;279;8.96;2.75;9
2021-12-09;279;9.02;0.38;12
2021-12-10;281;9.1;9.56;12
2021-12-11;279;9.11;7.94;12
2021-12-12;279;9.02;9.97;11
2021-12-13;278;9.09;86.18;12
2021-12-14;279;9.07;11.82;11
2021-12-15;278;9.15;7.76;12
2021-12-16;277;9.04;7.15;14
2021-12-17;276;9.1;8.1;14
2021-12-18;278;9.31;3.21;11
2021-12-19;278;9.24;12.2;14
2021-12-20;277;9.27;2.77;10
2021-12-21;277;9.26;3.89;13
2021-12-22;278;9.15;6.87;16
2021-12-23;277;9.12;1.14;11
2021-12-24;278;8.99;14.33;13
2021-12-25;277;8.96;0.81;14
2021-12-26;278;8.96;0.89;16
2021-12-27;279;8.82;38.17;10
2021-12-28;279;8.95;6.36;11
2021-12-29;280;9.06;10.11;13
2021-12-30;280;9.24;12.26;11
2021-12-31;279;9.34;4.2;15
2022-01-01;279;9.17;463.74;12
2022-01-02;279;9.31;4.64;9
2022-01-03;279;9.34;208.08;12
2022-01-04;279;9.13;5.13;10
2022-01-05;279;8.99;8.64;14
2022-01-06;280;8.77;13.36;12
2022-01-07;279;8.6;10.51;8
2022-01-08;281;8.79;1.82;13
2022-01-09;281;8.67;4.11;12
2022-01-10;281;8.67;40.58;11
2022-01-11;282;8.63;4.12;12
2022-01-12;281;8.85;12.03;10
2022-01-13;282;9.08;14.45;14
2022-01-14;281;9.07;1.9;10
2022-01-15;280;9.01;2.32;12
2022-01-16;281;9.01;14.73;11
2022-01-17;281;8.96;13.17;10
2022-01-18;280;9.16;7.94;10
2022-01-19;280;8.96;4.87;11
2022-01-20;280;8.84;11.18;13
2022-01-21;279;8.9;5.03;11
2022-01-22;279;8.94;785.65;13
2022-01-23;280;8.94;5.14;13
2022-01-24;280;8.96;69.29;15
2022-01-25;280;8.8;7.82;12
2022-01-26;279;9.01;14.43;12
2022-01-27;279;8.96;13.12;12
2022-01-28;280;9;0.99;14
2022-01-29;280;8.97;2.48;14
2022-01-30;280;8.92;9.2;11
2022-01-31;280;8.88;68.71;12
2022-02-01;281;8.97;5.04;14
2022-02-02;282;8.99;2.16;15
2022-02-03;283;8.97;275.69;13
2022-02-04;282;8.92;4.45;12
2022-02-05;282;8.97;10.5;11
2022-02-06;281;9.19;9.73;12
2022-02-07;280;9.34;63.36;12
2022-02-08;280;9.23;1.07;10
2022-02-09;279;9.21;3.42;13
2022-02-10;279;9.19;3.47;10
2022-02-11;280;9.28;11.94;9
2022-02-12;279;9.22;513.62;10
2022-02-13;280;9.23;5.54;13
2022-02-14;279;9.2;48.03;8
2022-02-15;279;9.2;126.69;14
2022-02-16;279;9.24;0.01;16
2022-02-17;279;9.35;10.4;13
2022-02-18;279;9.29;8.97;15
2022-02-19;281;9.41;300.69;13
2022-02-20;281;9.39;15.39;10
2022-02-21;282;9.46;89.13;14
2022-02-22;283;9.5;3.01;11
2022-02-23;283;9.44;12.04;15
2022-02-24;283;9.41;8.61;11
2022-02-25;284;9.48;4.01;10
2022-02-26;283;9.47;176.27;9
2022-02-27;283;9.49;7.94;10
2022-02-28;283;9.36;41.01;12
2022-03-01;281;9.6;14.91;13
2022-03-02;282;9.49;6.27;10
2022-03-03;282;9.44;283.5;10
2022-03-04;282;9.4;11.37;10
2022-03-05;282;9.33;1.35;9
2022-03-06;282;9.19;10.31;12
2022-03-07;282;9.3;66.82;13
2022-03-08;282;9.11;15.04;13
2022-03-09;282;9.26;5.05;10
2022-03-10;281;9.3;11.06;10
2022-03-11;281;9.28;10.41;10
2022-03-12;280;9.26;8.5;10
2022-03-13;281;9.4;8.3;12
2022-03-14;281;9.36;9.03;11
2022-03-15;282;9.32;13.89;13
2022-03-16;282;9.36;6.27;12
2022-03-17;282;9.35;11.17;11
2022-03-18;282;9.46;12.29;12
2022-03-19;283;9.4;13.45;12
2022-03-20;282;9.28;2.74;14
2022-03-21;282;9.27;4.2;13
2022-03-22;282;9.27;10;11
2022-03-23;282;9.24;12.98;12
2022-03-24;283;9.35;6.98;10
2022-03-25;283;9.2;10.7;11
2022-03-26;285;9.08;10.64;14
2022-03-27;285;9.1;14.86;13
2022-03-28;286;9.04;24.05;11
2022-03-29;285;9.19;12.51;10
2022-03-30;285;9.01;12.07;13
2022-03-31;284;8.97;13.68;12
2022-04-01;283;8.86;159.51;9
2022-04-02;282;8.93;1.79;12
2022-04-03;282;8.78;337.98;17
2022-04-04;281;8.68;60.09;9
2022-04-05;281;8.65;9.92;13
2022-04-06;281;8.64;9.67;12
2022-04-07;282;8.6;7.5;11
2022-04-08;282;8.69;9.72;12
2022-04-09;283;8.65;3.04;9
2022-04-10;283;8.73;1.6;11
2022-04-11;284;8.72;97.78;11
2022-04-12;283;8.62;10.66;12
2022-04-13;283;8.53;9.17;9
2022-04-14;283;8.54;6.99;10
2022-04-15;284;8.39;5.42;13
2022-04-16;283;8.36;14.14;13
2022-04-17;282;8.26;2.55;8
2022-04-18;281;8.32;42.35;11
2022-04-19;281;8.14;10.28;13
2022-04-20;282;8.21;8.67;10
2022-04-21;282;8.23;5.48;14
2022-04-22;282;8.35;9.14;8
2022-04-23;282;8.34;8.18;11
2022-04-24;283;8.39;3.13;10
2022-04-25;283;8.25;63.39;11
2022-04-26;285;8.29;10.64;10
2022-04-27;284;8.38;10.99;13
2022-04-28;286;8.2;12.95;10
2022-04-29;285;8.29;7.21;12
2022-04-30;287;8.45;222.45;9
2022-05-01;286;8.31;6.31;12
2022-05-02;287;8.54;76.24;11
2022-05-03;286;8.51;4.61;10
2022-05-04;286;8.32;5.8;12
2022-05-05;285;8.33;5.75;11
2022-05-06;285;8.32;8.36;13
2022-05-07;284;8.26;10.57;12
2022-05-08;285;8.28;11.6;11
2022-05-09;285;8.28;773.21;10
2022-05-10;285;8.29;3.49;13
2022-05-11;286;8.38;8.6;10
2022-05-12;285;8.52;12.38;9
2022-05-13;285;8.32;4.14;12
2022-05-14;285;8.16;13.63;9
2022-05-15;283;8.2;7.25;11
2022-05-16;282;8.11;92.96;9
2022-05-17;283;8.23;5.87;9
2022-05-18;282;8.17;0.16;12
2022-05-19;281;7.95;7.52;11
2022-05-20;282;8.11;8.09;11
2022-05-21;283;8.19;6.25;13
2022-05-22;284;8.25;5.82;10
2022-05-23;284;8.27;16.09;12
2022-05-24;284;8.16;1.17;13
2022-05-25;285;8.03;2.98;13
2022-05-26;286;8.24;8.22;10
2022-05-27;286;8.06;11.31;9
2022-05-28;285;8.09;9.71;9
2022-05-29;284;7.99;0.12;9
2022-05-30;284;7.81;21.17;8
2022-05-31;284;7.8;11.37;12
2022-06-01;284;7.98;12.59;9
2022-06-02;284;7.83;8.08;12
2022-06-03;284;7.73;13.67;12
2022-06-04;285;7.6;15.32;12
2022-06-05;286;7.68;0.32;9
2022-06-06;286;7.75;36.33;12
2022-06-07;286;7.88;10.86;12
2022-06-08;286;7.69;6.28;11
2022-06-09;285;7.62;1.12;9
2022-06-10;286;7.9;7.59;11
2022-06-11;286;7.94;3.86;12
2022-06-12;285;7.86;8.94;9
2022-06-13;286;7.99;37.98;10
2022-06-14;285;7.9;13.27;14
2022-06-15;285;8.01;10.29;11
2022-06-16;287;7.97;14.85;13
2022-06-17;286;7.76;420.58;9
2022-06-18;286;7.75;10.92;10
2022-06-19;286;7.92;14.18;13
2022-06-20;285;7.73;76.41;11
2022-06-21;286;7.74;12.74;10
2022-06-22;286;7.78;6.66;13
2022-06-23;285;7.79;10.61;10
2022-06-24;286;7.75;2.98;10
2022-06-25;286;7.74;318.69;7
2022-06-26;285;7.56;1.64;11
2022-06-27;285;7.53;23.31;11
2022-06-28;284;7.53;13.58;15
2022-06-29;285;7.62;12.6;11
2022-06-30;286;7.71;7.52;12
2022-07-01;285;7.89;0.55;13
2022-07-02;287;7.87;14.29;12
2022-07-03;286;8.12;15.03;13
2022-07-04;286;8.27;68.64;11
2022-07-05;286;8.18;11.69;9
2022-07-06;286;8.09;8.97;10
2022-07-07;285;8.11;2.48;9
2022-07-08;286;8.04;15.02;11
2022-07-09;285;8.03;4.6;12
2022-07-10;286;7.79;7.32;11
2022-07-11;287;7.77;89.04;10
2022-07-12;287;7.89;14.47;13
2022-07-13;288;7.79;15.39;11
2022-07-14;288;7.71;10.61;15
2022-07-15;289;7.67;7.66;12
2022-07-16;287;7.67;4.44;13
2022-07-17;287;7.82;11.58;11
2022-07-18;286;7.71;25.59;11
2022-07-19;287;7.75;10.77;10
2022-07-20;286;7.7;12.22;11
2022-07-21;285;7.89;14.83;10
2022-07-22;286;8.02;5.16;13
2022-07-23;287;8.02;4.74;13
2022-07-24;287;8.01;10.44;11
2022-07-25;288;8.09;32.98;10
2022-07-26;286;7.97;0.91;11
2022-07-27;286;8.15;0.44;9
2022-07-28;287;8.01;733.65;11
2022-07-29;286;7.85;0.54;11
2022-07-30;285;7.75;0.44;9
2022-07-31;286;7.5;4.99;13
2022-08-01;285;7.38;66.28;10
2022-08-02;286;7.33;0.46;9
2022-08-03;286;7.21;0.81;10
2022-08-04;286;7.11;0.5;9
2022-08-05;286;7.23;2.07;8
2022-08-06;285;7.37;2.67;10
2022-08-07;285;7.51;2.6;8
2022-08-08;286;7.48;47.77;13
2022-08-09;286;7.56;10.4;11
2022-08-10;287;7.45;5.92;10
2022-08-11;288;7.57;6.37;11
2022-08-12;289;7.39;10.23;12
2022-08-13;290;7.33;4.59;9
2022-08-14;290;7.28;11.63;11
2022-08-15;289;7.46;27.03;11
2022-08-16;289;7.42;11.49;11
2022-08-17;289;7.48;12.13;9
2022-08-18;289;7.29;14.16;10
2022-08-19;288;7.3;14.85;11
2022-08-20;287;7.3;3.15;12
2022-08-21;288;7.26;8.29;11
2022-08-22;289;7.07;73.38;10
2022-08-23;288;7.13;12.57;9
2022-08-24;288;7.23;0.98;12
2022-08-25;288;7.24;347.21;12
2022-08-26;288;7.43;5.19;11
2022-08-27;289;7.43;8.29;11
2022-08-28;288;7.57;11.14;9
2022-08-29;288;7.67;76.91;10
2022-08-30;289;7.56;15.29;15
2022-08-31;289;7.65;6.83;12
2022-09-01;288;7.78;7.18;13
2022-09-02;288;7.73;0.92;8
2022-09-03;287;7.74;13.17;12
2022-09-04;287;7.73;9.81;9
2022-09-05;287;7.73;22.26;8
2022-09-06;286;7.94;6.97;13
2022-09-07;287;7.91;8.29;17
2022-09-08;286;8.07;8.16;10
2022-09-09;286;8.18;0.9;10
2022-09-10;286;8.19;10.98;12
2022-09-11;287;8.22;4.66;10
2022-09-12;287;8.44;89.98;9
2022-09-13;286;8.27;7.96;9
2022-09-14;287;8.25;12.25;9
2022-09-15;287;8.21;13.81;13
2022-09-16;287;8.03;5.72;12
2022-09-17;289;8.1;0.25;8
2022-09-18;289;8.16;2.25;12
2022-09-19;289;8.15;57.68;18
2022-09-20;290;8.32;3.43;9
2022-09-21;290;8.48;0.14;12
2022-09-22;291;8.32;11;12
2022-09-23;291;8.39;8.09;10
2022-09-24;289;8.55;14.65;10
2022-09-25;289;8.35;1.44;9
2022-09-26;289;8.22;49.86;9
2022-09-27;289;8.26;9.48;11
2022-09-28;287;8.01;15.06;11
2022-09-29;288;8.05;5.99;9
2022-09-30;288;8.04;7.83;9
2022-10-01;288;8.03;0.53;10
2022-10-02;287;8.29;8.65;11
2022-10-03;289;8.32;51.89;11
2022-10-04;289;8.14;234.76;12
2022-10-05;290;8.29;250.52;9
2022-10-06;289;8.32;9.81;8
2022-10-07;290;8.39;11.11;9
2022-10-08;290;8.22;13.99;12
2022-10-09;290;8.1;7.14;11
2022-10-10;290;8.2;60.38;10
2022-10-11;289;8.35;12.46;9
2022-10-12;288;8.36;13.72;13
2022-10-13;288;8.36;10.16;13
2022-10-14;287;8.48;2.14;14
2022-10-15;288;8.61;10.36;12
2022-10-16;287;8.76;15.02;12
2022-10-17;287;8.64;99.75;10
2022-10-18;287;8.69;4.91;11
2022-10-19;288;8.84;13.59;10
2022-10-20;289;9.02;6.86;10
2022-10-21;290;8.8;10.26;11
2022-10-22;289;8.77;12.88;10
2022-10-23;292;8.63;15.37;10
2022-10-24;291;8.67;88.62;14
2022-10-25;292;8.75;14.57;13
2022-10-26;292;8.58;5.29;13
2022-10-27;292;8.52;3.16;11
2022-10-28;291;8.64;4.1;13
2022-10-29;291;8.6;12.3;13
2022-10-30;290;8.77;1.09;9
2022-10-31;291;8.7;2.55;12
2022-11-01;291;8.51;9.54;12
2022-11-02;290;8.45;10.44;11
2022-11-03;291;8.4;6.45;13
2022-11-04;292;8.3;8.99;11
2022-11-05;292;8.38;10.74;11
2022-11-06;293;8.32;15.26;10
2022-11-07;293;8.47;8.64;12
2022-11-08;292;8.64;1.84;9
2022-11-09;291;8.82;0.2;15
2022-11-10;292;8.82;8.02;11
2022-11-11;291;8.83;7;9
2022-11-12;291;8.8;9.73;9
2022-11-13;290;8.84;5.37;11
2022-11-14;290;8.72;6.72;13
2022-11-15;291;8.48;13.53;9
2022-11-16;290;8.4;9.91;8
2022-11-17;289;8.49;13.61;10
2022-11-18;289;8.5;12.32;12
2022-11-19;289;8.44;4.92;13
2022-11-20;289;8.38;0.76;9
2022-11-21;290;8.58;79.02;12
2022-11-22;289;8.9;4.39;12
2022-11-23;290;9;4.39;14
2022-11-24;291;9.1;6.64;12
2022-11-25;292;9.25;124.5;13
2022-11-26;292;9.23;9.17;10
2022-11-27;293;9.27;5.93;12
2022-11-28;293;9.35;42.53;10
2022-11-29;294;9.3;5.2;11
2022-11-30;293;9.2;9.28;11
2022-12-01;293;8.99;8.67;10
2022-12-02;292;8.94;14.48;13
2022-12-03;293;9;446.71;12
2022-12-04;292;8.97;8.7;13
2022-12-05;291;8.85;62.26;11
2022-12-06;292;8.85;5.63;19
2022-12-07;291;8.9;6.65;11
2022-12-08;292;9.13;7.27;14
2022-12-09;292;9.18;3.63;10
2022-12-10;291;9.4;4.16;11
2022-12-11;292;9.55;14.45;11
2022-12-12;292;9.47;34.56;10
2022-12-13;291;9.53;6.45;12
2022-12-14;292;9.48;5.39;9
2022-12-15;290;9.4;10.52;11
2022-12-16;290;9.38;5.18;11
2022-12-17;290;9.35;4.21;11
2022-12-18;289;9.28;473.75;11
2022-12-19;291;9.27;25.47;13
2022-12-20;291;9.19;3.23;11
2022-12-21;291;9.35;1.5;9
2022-12-22;292;9.2;14.39;9
2022-12-23;291;9.28;5.31;10
2022-12-24;293;9.01;1.74;15
2022-12-25;293;8.99;83.29;14
2022-12-26;292;9.15;93.81;12
2022-12-27;292;9;11.97;11
2022-12-28;292;9;12.05;11
2022-12-29;291;9.25;9.3;12
2022-12-30;292;9.29;4.1;12
2022-12-31;291;9.32;7.42;13
2023-01-01;291;9.06;14.87;9
2023-01-02;291;9.02;40.63;10
2023-01-03;292;8.94;1905.04;12
2023-01-04;292;8.83;7.08;11
2023-01-05;293;8.76;9.2;9
2023-01-06;293;8.52;2.85;13
2023-01-07;293;8.53;0.9;8
2023-01-08;291;8.66;7.53;10
2023-01-09;292;8.68;85.2;11
2023-01-10;291;8.84;10.72;12
2023-01-11;291;8.78;6.39;10
2023-01-12;291;8.68;2.84;13
2023-01-13;291;8.8;15.49;12
2023-01-14;291;9.04;7.91;10
2023-01-15;293;9.22;0.98;13
2023-01-16;292;9.04;92.88;11
2023-01-17;292;8.93;4.54;12
2023-01-18;291;8.86;468.32;13
2023-01-19;292;8.89;11.29;14
2023-01-20;292;8.96;1.79;10
2023-01-21;293;8.76;11.81;19
2023-01-22;292;8.48;2.66;9
2023-01-23;292;8.48;89.93;13
2023-01-24;292;8.69;15.5;10
2023-01-25;293;8.84;1.66;14
2023-01-26;292;8.82;6.27;10
2023-01-27;293;8.87;11.19;9
2023-01-28;293;9.03;1.34;13
2023-01-29;294;9.12;11.53;17
2023-01-30;295;9.32;58.8;11
2023-01-31;296;9.22;3.39;12
2023-02-01;297;9.2;6.79;12
2023-02-02;297;9.11;11.28;12
2023-02-03;295;8.97;14.7;10
2023-02-04;295;8.93;6.65;11
2023-02-05;296;9.11;6.42;12
2023-02-06;296;8.99;42.08;15
2023-02-07;295;8.92;3.87;11
2023-02-08;295;9.05;7.08;11
2023-02-09;296;9.11;0.83;12
2023-02-10;295;9;11.98;12
2023-02-11;295;8.88;7.52;9
2023-02-12;295;8.73;8.79;14
2023-02-13;294;8.89;82.57;14
2023-02-14;294;8.94;14.89;12
2023-02-15;294;8.82;11.9;11
2023-02-16;294;8.91;0.46;12
2023-02-17;294;9.19;10.54;14
2023-02-18;294;9.35;12.04;11
2023-02-19;295;9.36;11.2;11
2023-02-20;296;9.15;156.79;9
2023-02-21;295;9.2;3.5;13
2023-02-22;295;9.22;6.26;10
2023-02-23;295;9.28;2.51;12
2023-02-24;295;9.08;6.1;12
2023-02-25;295;9.06;8.46;14
2023-02-26;294;9.12;5.55;16
2023-02-27;293;9.3;27.04;10
2023-02-28;295;9.28;6.56;14
2023-03-01;294;9.34;0.89;10
2023-03-02;295;9.33;5.19;12
2023-03-03;294;9.42;127.58;15
2023-03-04;294;9.29;4.97;10
2023-03-05;295;9.28;2.46;12
2023-03-06;295;9.21;20.42;13
2023-03-07;294;9.27;12.55;15
2023-03-08;296;9.28;13.05;13
2023-03-09;295;9.26;10.07;14
2023-03-10;296;9.27;5.68;11
2023-03-11;296;9.41;15.09;13
2023-03-12;295;9.37;8.82;13
2023-03-13;296;9.35;84.08;13
2023-03-14;297;9.25;10.64;14
2023-03-15;296;9.3;2.76;12
2023-03-16;297;9.28;9.6;12
2023-03-17;296;9.26;7.58;13
2023-03-18;296;9.14;15.02;12
2023-03-19;296;9.25;5.17;14
2023-03-20;295;9.35;11.46;15
2023-03-21;294;9.52;0.57;13
2023-03-22;294;9.39;0;11
2023-03-23;294;9.38;15.14;11
2023-03-24;295;9.49;12;12
2023-03-25;295;9.67;4.12;12
2023-03-26;296;9.47;5.13;10
2023-03-27;296;9.41;90.59;11
2023-03-28;296;9.26;3.61;12
2023-03-29;296;9.25;14.63;13
2023-03-30;296;9.18;7.47;11
2023-03-31;296;8.95;3.73;10
2023-04-01;296;8.71;0.28;12
2023-04-02;297;8.74;9.47;14
2023-04-03;298;8.63;64.3;10
2023-04-04;299;8.58;7.1;12
2023-04-05;300;8.6;0.79;10
2023-04-06;301;8.67;988.57;13
2023-04-07;300;8.67;3.87;10
2023-04-08;300;8.86;10.58;12
2023-04-09;301;8.98;4.74;10
2023-04-10;299;8.97;505.14;13
2023-04-11;298;9.05;7.94;9
2023-04-12;297;8.85;14.73;13
2023-04-13;297;8.72;2.31;10
2023-04-14;297;8.82;1.55;10
2023-04-15;296;8.6;11.63;13
2023-04-16;296;8.5;12.81;12
2023-04-17;297;8.61;291.52;11
2023-04-18;297;8.38;10.7;10
2023-04-19;296;8.4;11.61;11
2023-04-20;296;8.48;3.94;9
2023-04-21;295;8.31;317.15;9
2023-04-22;296;8.37;10.58;10
2023-04-23;296;8.34;3.29;13
2023-04-24;295;8.33;53.42;10
2023-04-25;297;8.45;0.71;14
2023-04-26;296;8.4;5.99;14
2023-04-27;296;8.39;7.06;9
2023-04-28;297;8.33;2.07;9
2023-04-29;296;8.29;5.02;8
2023-04-30;296;8.27;10.51;11
2023-05-01;298;8.14;67.49;9
2023-05-02;297;8.05;12.29;14
2023-05-03;299;8.12;2.98;8
2023-05-04;299;8.02;8.78;13
2023-05-05;299;8.14;4.64;10
2023-05-06;299;8.04;10.61;12
2023-05-07;299;8.02;9.63;13
2023-05-08;298;8.01;97.18;14
2023-05-09;298;8.1;7.69;10
2023-05-10;296;8.18;2.69;11
2023-05-11;297;8.1;15.03;12
2023-05-12;297;8.11;2.9;13
2023-05-13;298;8.11;7.46;17
2023-05-14;297;8.07;14.58;12
2023-05-15;296;8.06;96.68;13
2023-05-16;297;8.1;3.14;13
2023-05-17;298;8.16;1.15;10
2023-05-18;297;8.25;4.68;12
2023-05-19;298;8.32;5.19;11
2023-05-20;298;8.44;13.71;15
2023-05-21;298;8.34;6.96;13
2023-05-22;299;8.33;82.58;14
2023-05-23;298;8.21;1.34;8
2023-05-24;296;7.99;10.62;13
2023-05-25;297;7.91;13.96;14
2023-05-26;295;7.86;8.29;14
2023-05-27;294;7.68;4.34;13
2023-05-28;295;7.87;8.24;12
2023-05-29;295;7.8;497.33;13
2023-05-30;295;7.94;3.35;13
2023-05-31;296;8.02;12;9
2023-06-01;296;7.92;4.53;10
2023-06-02;297;7.73;12.2;9
2023-06-03;298;7.94;0.06;12
2023-06-04;298;7.8;15.11;11
2023-06-05;298;7.79;86.64;11
2023-06-06;299;7.62;14.04;12
2023-06-07;298;7.46;9.88;13
2023-06-08;299;7.59;3.73;11
2023-06-09;299;7.67;7.48;10
2023-06-10;299;7.66;1.86;11
2023-06-11;299;7.84;12.59;8
2023-06-12;299;7.9;71.35;9
2023-06-13;299;7.82;74.76;9
2023-06-14;299;7.85;4.4;11
2023-06-15;298;7.9;11.53;9
2023-06-16;298;7.88;2.39;14
2023-06-17;297;7.93;4.65;11
2023-06-18;297;7.71;5.96;13
2023-06-19;298;7.77;9.11;9
2023-06-20;298;7.94;0.1;9
2023-06-21;297;7.93;7.14;11
2023-06-22;298;7.93;5.86;10
2023-06-23;297;8.09;12.91;9
2023-06-24;298;8.05;11.06;13
2023-06-25;298;8.12;3.39;12
2023-06-26;297;8.04;23.78;10
2023-06-27;297;8.12;14.59;10
2023-06-28;298;8.16;5.84;12
2023-06-29;298;8.12;14.97;11
2023-06-30;299;7.94;8.41;12
2023-07-01;298;7.95;5.64;10
2023-07-02;298;8.01;11;10
2023-07-03;299;8.22;93.77;10
2023-07-04;299;7.97;12.85;10
2023-07-05;298;8.18;8;10
2023-07-06;298;8.15;8.48;9
2023-07-07;298;8.27;6.87;10
2023-07-08;298;8.31;1.72;13
2023-07-09;298;8.41;10.65;12
2023-07-10;299;8.3;76;8
2023-07-11;299;8.51;403.62;11
2023-07-12;299;8.51;9.83;9
2023-07-13;300;8.57;10.72;10
2023-07-14;300;8.41;15.58;9
2023-07-15;301;8.25;4.27;14
2023-07-16;300;8.01;7.14;13
2023-07-17;301;7.91;41.36;12
2023-07-18;300;7.69;8.63;12
2023-07-19;300;7.49;0.1;10
2023-07-20;301;7.47;13.1;13
2023-07-21;301;7.63;7.21;10
2023-07-22;300;7.72;7.49;13
2023-07-23;299;7.84;0.01;12
2023-07-24;299;7.8;45.3;10
2023-07-25;300;7.97;5.3;11
2023-07-26;299;7.98;10.72;12
2023-07-27;298;7.93;12.02;9
2023-07-28;299;7.85;2.28;12
2023-07-29;299;7.7;13.89;8
2023-07-30;300;7.75;5.88;13
2023-07-31;300;7.85;90.97;9
2023-08-01;298;7.72;2.46;8
2023-08-02;300;7.59;8.63;9
2023-08-03;301;7.47;10.2;12
2023-08-04;300;7.43;198.63;10
2023-08-05;300;7.46;1.37;21
2023-08-06;300;7.19;9.44;10
2023-08-07;300;7.21;399.18;14
2023-08-08;300;7.09;7.22;11
2023-08-09;300;7.1;6.7;13
2023-08-10;301;7.15;8.4;9
2023-08-11;301;7.22;0.16;13
2023-08-12;302;7.33;5.41;12
2023-08-13;302;7.54;4.44;10
2023-08-14;301;7.4;29.29;9
2023-08-15;302;7.55;6.53;10
2023-08-16;302;7.75;9.66;11
2023-08-17;302;7.75;0.66;9
2023-08-18;302;7.67;5.43;11
2023-08-19;301;7.69;4.78;10
2023-08-20;301;7.71;5.24;10
2023-08-21;302;7.89;66.03;11
2023-08-22;302;7.97;9.08;10
2023-08-23;301;7.96;15.56;12
2023-08-24;301;8.15;5.12;9
2023-08-25;301;8.28;5.27;9
2023-08-26;301;8.11;8.7;8
2023-08-27;300;7.93;4.73;11
2023-08-28;301;7.71;79.79;12
2023-08-29;302;7.53;1.38;8
2023-08-30;302;7.4;14.62;13
2023-08-31;302;7.41;7.92;9
2023-09-01;303;7.15;10.2;11
2023-09-02;303;7.14;0.07;8
2023-09-03;303;7.13;2.37;10
2023-09-04;303;7.32;40.84;12
2023-09-05;302;7.37;13.57;10
2023-09-06;301;7.37;0.45;12
2023-09-07;300;7.31;3.79;8
2023-09-08;301;7.48;4;8
2023-09-09;302;7.52;8.73;10
2023-09-10;302;7.65;11.18;12
2023-09-11;301;7.5;198.3;9
2023-09-12;301;7.62;245.55;9
2023-09-13;302;7.8;12.1;14
2023-09-14;303;7.84;12.84;10
2023-09-15;302;7.89;480.69;11
2023-09-16;302;8.07;12.49;9
2023-09-17;303;8.2;7.46;13
2023-09-18;304;8.32;60.23;11
2023-09-19;304;8.18;14.27;11
2023-09-20;305;8.26;1.2;10
2023-09-21;304;8.24;10.46;12
2023-09-22;305;8.33;16.21;12
2023-09-23;304;8.16;13.47;10
2023-09-24;304;8.15;3.07;12
2023-09-25;303;8.25;103.86;9
2023-09-26;304;8.28;331.86;8
2023-09-27;304;8.15;5.95;10
2023-09-28;304;8.28;2.43;8
2023-09-29;303;8.15;4.21;10
2023-09-30;302;8.28;12.98;8
2023-10-01;302;8.09;5.22;11
2023-10-02;302;7.99;30.72;11
2023-10-03;301;8.24;82.01;12
2023-10-04;300;8.2;1.48;13
2023-10-05;300;8.12;13.92;13
2023-10-06;300;8.33;9.4;9
2023-10-07;300;8.29;3.99;14
2023-10-08;301;8.58;10.83;10
2023-10-09;302;8.52;47.57;12
2023-10-10;303;8.51;13.58;13
2023-10-11;304;8.73;9.08;13
2023-10-12;302;8.7;8.53;12
2023-10-13;304;8.62;181.63;13
2023-10-14;304;8.8;12.15;12
2023-10-15;304;8.59;15.04;14
2023-10-16;303;8.61;64.74;14
2023-10-17;303;8.56;8.7;11
2023-10-18;303;8.5;4.41;14
2023-10-19;305;8.66;9.86;10
2023-10-20;304;8.68;1.35;12
2023-10-21;304;8.51;14.74;10
2023-10-22;304;8.68;5.87;15
2023-10-23;305;8.74;70.16;9
2023-10-24;304;8.78;13.49;12
2023-10-25;304;8.82;10.28;13
2023-10-26;303;8.63;0.17;14
2023-10-27;304;8.45;9.85;11
2023-10-28;304;8.6;14.55;10
2023-10-29;303;8.53;8.38;13
2023-10-30;303;8.67;55.97;11
2023-10-31;304;8.68;1.71;11
2023-11-01;304;8.71;4.88;10
2023-11-02;305;8.8;15.34;13
2023-11-03;305;9.04;11.23;11
2023-11-04;304;9.01;6.77;10
2023-11-05;305;8.89;8.7;11
2023-11-06;305;8.71;62.72;10
2023-11-07;305;8.78;12.74;12
2023-11-08;304;8.61;14.41;10
2023-11-09;304;8.54;11.62;9
2023-11-10;303;8.35;13.93;15
2023-11-11;304;8.27;1.72;11
2023-11-12;303;8.45;7.34;12
2023-11-13;303;8.37;12.32;11
2023-11-14;302;8.19;2;12
2023-11-15;303;8.27;1.84;11
2023-11-16;303;8.19;6.12;13
2023-11-17;303;8.31;12.34;9
2023-11-18;304;8.4;12.1;11
2023-11-19;304;8.43;0.25;13
2023-11-20;303;8.58;80.37;9
2023-11-21;305;8.61;12.98;10
2023-11-22;305;8.75;2.67;11
2023-11-23;305;8.82;5.37;10
2023-11-24;305;8.93;4.77;14
2023-11-25;305;8.81;10.65;13
2023-11-26;305;8.77;1.68;12
2023-11-27;305;8.88;39.67;14
2023-11-28;305;8.97;11.81;14
2023-11-29;305;8.89;8.03;15
2023-11-30;305;8.94;0.64;14
2023-12-01;306;8.75;4.79;15
2023-12-02;306;8.81;15.2;12
2023-12-03;307;8.78;4.51;14
2023-12-04;306;8.77;61.48;10
2023-12-05;305;8.85;0.82;12
2023-12-06;306;8.88;13.6;10
2023-12-07;304;9.03;10.77;14
2023-12-08;304;9.27;356.29;13
2023-12-09;304;9.41;1.45;9
2023-12-10;305;9.5;6.35;11
2023-12-11;305;9.48;97.44;13
2023-12-12;306;9.34;8.48;10
2023-12-13;307;9.22;0.34;12
2023-12-14;308;9.22;7.86;13
2023-12-15;309;9.22;173.27;11
2023-12-16;307;9.24;4.58;10
2023-12-17;308;9.15;3.61;10
2023-12-18;308;9.26;100.54;14
2023-12-19;307;9.28;14.16;11
2023-12-20;306;9.28;8.56;15
2023-12-21;306;9.16;0.11;13
2023-12-22;307;9.06;1.81;9
2023-12-23;307;9.07;13.49;17
2023-12-24;307;9.07;4.82;14
2023-12-25;307;8.85;95.13;13
2023-12-26;308;8.75;11.54;10
2023-12-27;309;8.73;7.89;13
2023-12-28;308;8.73;14.28;9
2023-12-29;306;8.81;12.5;10
2023-12-30;307;8.69;421.41;14
2023-12-31;307;8.82;13.61;10
2024-01-01;307;8.74;79.73;14
2024-01-02;307;8.95;11.38;10
2024-01-03;307;9.01;4.76;13
2024-01-04;307;9.06;14.79;13
2024-01-05;307;9.02;0.15;11
2024-01-06;307;9.06;13.72;10
2024-01-07;307;9.14;332.94;11
2024-01-08;307;9.28;13.82;16
2024-01-09;306;9.3;5.55;11
2024-01-10;306;9.35;6.83;11
2024-01-11;306;9.36;12.58;12
2024-01-12;306;9.38;11.71;11
2024-01-13;304;9.27;10.03;15
2024-01-14;305;9.26;1446.7;12
2024-01-15;305;9.19;64.42;10
2024-01-16;305;9;14.29;13
2024-01-17;306;8.89;427.52;16
2024-01-18;305;8.71;3.37;11
2024-01-19;305;8.73;15.19;11
2024-01-20;307;8.82;6.41;13
2024-01-21;306;8.82;9.47;14
2024-01-22;306;8.88;23.98;14
2024-01-23;306;9.03;51.74;13
2024-01-24;305;9.13;4.42;12
2024-01-25;306;9.19;13.69;14
2024-01-26;307;9.19;11.74;11
2024-01-27;307;9.18;11.29;11
2024-01-28;307;9.01;4.12;11
2024-01-29;307;8.99;35.87;10
2024-01-30;307;9.02;2.42;13
2024-01-31;308;9.06;389.84;13
2024-02-01;308;9.08;8.96;14
2024-02-02;308;9.04;14.39;11
2024-02-03;308;9.03;10.17;10
2024-02-04;309;9.18;1.26;17
2024-02-05;308;9.25;6.65;14
2024-02-06;309;9.18;12.93;14
2024-02-07;308;9.11;3.57;10
2024-02-08;309;9.23;14.76;14
2024-02-09;309;9.13;6.62;12
2024-02-10;310;9.27;6.39;10
2024-02-11;311;9.12;6.04;14
2024-02-12;309;9.18;26.09;14
2024-02-13;308;9.06;9.52;12
2024-02-14;308;9.08;3.35;9
2024-02-15;308;9.13;4.84;14
2024-02-16;307;9.19;4.9;14
2024-02-17;306;9.07;2.38;14
2024-02-18;306;9.12;14.42;11
2024-02-19;307;9.01;38.14;11
2024-02-20;307;9.27;7.44;12
2024-02-21;309;9.21;7.98;11
2024-02-22;309;8.99;15.33;14
2024-02-23;310;8.91;6.91;14
2024-02-24;309;8.89;10.07;14
2024-02-25;309;8.95;0.34;14
2024-02-26;308;8.91;64.66;15
2024-02-27;308;8.96;2.23;14
2024-02-28;307;9.2;186.29;12
2024-02-29;306;9.46;9.77;14
2024-03-01;305;9.6;4.61;15
2024-03-02;306;9.8;5.48;13
2024-03-03;306;9.84;13.63;13
2024-03-04;306;9.91;79.02;14
2024-03-05;306;9.86;4.49;11
2024-03-06;307;9.86;8.12;14
2024-03-07;308;9.81;9.12;11
2024-03-08;307;9.67;9.61;11
2024-03-09;307;9.51;12.5;13
2024-03-10;307;9.42;11.66;12
2024-03-11;308;9.41;57.24;16
2024-03-12;309;9.47;3.36;11
2024-03-13;308;9.26;14.05;12
2024-03-14;307;9.21;5.12;14
2024-03-15;308;9.38;12.61;12
2024-03-16;308;9.57;4.25;13
2024-03-17;308;9.67;9;14
2024-03-18;308;9.9;47.09;11
2024-03-19;308;9.8;11.75;12
2024-03-20;308;9.96;8.82;13
2024-03-21;308;10;370.67;11
2024-03-22;309;9.91;9.02;15
2024-03-23;309;9.81;6.79;13
2024-03-24;310;9.72;5.87;11
2024-03-25;310;9.53;102.28;11
2024-03-26;310;9.54;15.46;10
2024-03-27;311;9.57;11.51;11
2024-03-28;311;9.59;196.16;12
2024-03-29;310;9.64;8.53;11
2024-03-30;311;9.69;8.9;12
2024-03-31;310;9.61;4.46;13
2024-04-01;310;9.7;66.79;11
2024-04-02;310;9.65;0.49;10
2024-04-03;310;9.52;13.84;10
2024-04-04;310;9.36;3.34;13
2024-04-05;311;9.32;6.59;11
2024-04-06;311;9.1;2.95;11
2024-04-07;311;8.98;14.44;14
2024-04-08;312;8.77;14.43;12
2024-04-09;312;8.72;10.72;10
2024-04-10;313;8.57;15.32;10
2024-04-11;313;8.57;4.59;12
2024-04-12;312;8.43;13.21;12
2024-04-13;312;8.52;5.92;12
2024-04-14;312;8.56;13.04;12
2024-04-15;312;8.59;17.46;13
2024-04-16;311;8.43;12.17;11
2024-04-17;310;8.57;2.04;12
2024-04-18;310;8.5;199.75;11
2024-04-19;309;8.61;6.8;14
2024-04-20;309;8.43;9.28;10
2024-04-21;308;8.59;6.08;13
2024-04-22;307;8.58;181.95;13
2024-04-23;308;8.68;1.02;14
2024-04-24;309;8.65;10.61;15
2024-04-25;309;8.53;10.7;11
2024-04-26;309;8.31;14.89;15
2024-04-27;311;8.32;2.14;13
2024-04-28;311;8.08;176.45;11
2024-04-29;311;8.01;82.56;15
2024-04-30;312;8.12;3.22;11
2024-05-01;312;8.01;6.26;12
2024-05-02;311;8.04;2.87;12
2024-05-03;311;8.05;12.34;13
2024-05-04;309;8.13;10.82;10
2024-05-05;309;8.18;13.51;11
2024-05-06;309;8.18;102.78;9
2024-05-07;309;8;7.74;14
2024-05-08;309;8.08;13.95;11
2024-05-09;309;8.23;152.91;11
2024-05-10;309;8.41;12.58;9
2024-05-11;310;8.46;10.75;14
2024-05-12;310;8.63;1.6;12
2024-05-13;310;8.6;68.74;13
2024-05-14;309;8.53;13.35;12
2024-05-15;310;8.48;5.6;9
2024-05-16;311;8.28;5.28;11
2024-05-17;311;8.31;8.13;11
2024-05-18;311;8.14;2.91;9
2024-05-19;311;7.95;848.17;14
2024-05-20;311;8.03;9.17;11
2024-05-21;311;8.04;12.5;10
2024-05-22;311;7.89;5.92;13
2024-05-23;311;8.04;126.45;14
2024-05-24;312;8.01;11.48;11
2024-05-25;313;7.96;0.19;12
2024-05-26;313;8.13;12.5;14
2024-05-27;313;8.11;89.01;12
2024-05-28;313;8.23;12.8;11
2024-05-29;312;8.34;11.57;12
2024-05-30;312;8.38;8.09;13
2024-05-31;311;8.31;350.57;14
2024-06-01;310;8.36;1.93;9
2024-06-02;311;8.13;0.69;8
2024-06-03;311;7.96;24.85;9
2024-06-04;311;7.85;4.53;9
2024-06-05;311;7.9;1.66;11
2024-06-06;311;7.66;2.84;13
2024-06-07;312;7.7;0.45;11
2024-06-08;313;7.61;9.88;11
2024-06-09;312;7.7;10.89;13
2024-06-10;313;7.95;59.75;12
2024-06-11;312;7.9;8.24;10
2024-06-12;314;7.87;6.68;14
2024-06-13;312;8;9.06;13
2024-06-14;311;7.92;6.15;14
2024-06-15;311;8.12;6.04;9
2024-06-16;311;8.22;5.6;10
2024-06-17;311;8.14;53.97;10
2024-06-18;311;8.17;2.09;14
2024-06-19;311;8.19;0.03;12
2024-06-20;311;8.16;1.5;13
2024-06-21;313;8.19;1.47;11
2024-06-22;312;8.17;4.79;13
2024-06-23;313;8.08;5.8;12
2024-06-24;313;7.98;53.16;17
2024-06-25;313;8.08;360.06;12
2024-06-26;312;8.03;12.18;12
2024-06-27;313;7.97;0.41;11
2024-06-28;312;7.88;15.11;15
2024-06-29;313;7.72;251.67;10
2024-06-30;313;7.63;9.42;14
2024-07-01;313;7.72;85.84;15
2024-07-02;313;7.82;2.17;11
2024-07-03;313;7.78;15.42;10
2024-07-04;313;8.02;0.2;17
2024-07-05;314;8.09;10.47;10
2024-07-06;314;8.17;15.34;11
2024-07-07;313;8.43;10.11;14
2024-07-08;314;8.47;39.86;13
2024-07-09;315;8.47;6.57;10
2024-07-10;316;8.56;6.98;10
2024-07-11;316;8.42;10.34;9
2024-07-12;316;8.55;120.26;10
2024-07-13;316;8.57;10.58;11
2024-07-14;317;8.43;13.51;14
2024-07-15;317;8.42;14.86;10
2024-07-16;316;8.45;9.16;12
2024-07-17;316;8.4;3.84;10
2024-07-18;316;8.42;0.17;10
2024-07-19;315;8.35;0.71;10
2024-07-20;314;8.31;0.13;16
2024-07-21;314;8.27;4.18;12
2024-07-22;313;8.31;41.21;14
2024-07-23;312;8.06;11.85;11
2024-07-24;312;8.1;10;12
2024-07-25;312;7.98;13.67;10
2024-07-26;312;7.79;5.68;12
2024-07-27;313;7.72;12.96;13
2024-07-28;313;7.76;0.49;12
2024-07-29;314;7.52;69.38;13
2024-07-30;314;7.71;4.06;14
2024-07-31;315;7.58;4.59;11
2024-08-01;316;7.76;4.88;11
2024-08-02;316;7.75;15.66;10
2024-08-03;316;7.66;10.07;14
2024-08-04;316;7.43;6.13;10
2024-08-05;315;7.61;31.46;10
2024-08-06;316;7.47;13.35;13
2024-08-07;315;7.36;15.23;13
2024-08-08;315;7.15;2.22;14
2024-08-09;315;7.16;11.87;14
2024-08-10;315;7.23;2.4;12
2024-08-11;315;7.44;0.07;8
2024-08-12;315;7.3;36.95;11
2024-08-13;315;7.27;12.14;12
2024-08-14;316;7.26;7.98;12
2024-08-15;316;7.37;7.63;8
2024-08-16;316;7.34;10.51;10
2024-08-17;316;7.28;4.19;10
2024-08-18;316;7.2;0.03;13
2024-08-19;316;7.14;330.29;10
2024-08-20;316;7.12;7.83;9
2024-08-21;315;7.19;15.21;13
2024-08-22;315;7.28;11.54;10
2024-08-23;314;7.48;10.08;10
2024-08-24;313;7.74;11.95;11
2024-08-25;314;7.7;9.5;14
2024-08-26;314;7.77;71.24;11
2024-08-27;315;7.76;12.81;13
2024-08-28;315;7.93;10.3;13
2024-08-29;316;7.95;3.52;14
2024-08-30;316;8.02;12.25;14
2024-08-31;317;7.78;1.3;9
2024-09-01;316;7.83;9.29;9
2024-09-02;316;7.89;60.7;10
2024-09-03;315;7.92;11.76;10
2024-09-04;316;7.82;3.54;13
2024-09-05;315;7.64;9.14;10
2024-09-06;316;7.42;7.67;13
2024-09-07;316;7.63;12.35;11
2024-09-08;316;7.61;6.1;9
2024-09-09;316;7.69;65.52;11
2024-09-10;315;7.87;3.94;9
2024-09-11;315;8.01;11.06;12
2024-09-12;316;8.19;3.41;13
2024-09-13;316;8.3;9.78;10
2024-09-14;315;8.16;3.52;10
2024-09-15;315;8.28;13;10
2024-09-16;315;8.13;38.05;14
2024-09-17;316;8;14.73;11
2024-09-18;315;7.85;7;12
2024-09-19;316;7.67;11.21;11
2024-09-20;316;7.82;1.64;14
2024-09-21;317;7.99;939.81;10
2024-09-22;316;8.1;0.58;11
2024-09-23;317;8.15;61.75;14
2024-09-24;317;8.31;13.91;14
2024-09-25;317;8.52;9.87;10
2024-09-26;316;8.76;2.12;14
2024-09-27;314;8.73;1.97;11
2024-09-28;315;8.62;11.27;10
2024-09-29;315;8.63;8.42;10
2024-09-30;315;8.62;22.8;12
2024-10-01;315;8.49;11.99;14
2024-10-02;316;8.27;2.69;13
2024-10-03;317;8.17;1.93;13
2024-10-04;318;8.01;1.96;10
2024-10-05;319;8.09;4.5;14
2024-10-06;319;8.13;13.1;17
2024-10-07;319;8.15;205.68;10
2024-10-08;319;8.11;4.81;12
2024-10-09;320;8.24;6.68;10
2024-10-10;318;8.21;0.49;10
2024-10-11;318;8.27;11.31;15
2024-10-12;317;8.28;2.58;13
2024-10-13;317;8.31;1.11;12
2024-10-14;318;8.53;14.67;10
2024-10-15;317;8.55;12.45;15
2024-10-16;316;8.72;8.65;11
2024-10-17;316;8.8;2.09;10
2024-10-18;316;8.96;7.69;12
2024-10-19;315;8.95;2.64;10
2024-10-20;315;8.87;14.6;12
2024-10-21;314;8.72;52.78;10
2024-10-22;315;8.93;2.36;11
2024-10-23;315;8.71;10.38;14
2024-10-24;316;8.78;6.44;12
2024-10-25;316;8.65;4.12;13
2024-10-26;317;8.68;9.18;11
2024-10-27;318;8.7;3.3;15
2024-10-28;318;8.71;85.22;15
2024-10-29;318;8.57;10.01;12
2024-10-30;318;8.52;2.72;12
2024-10-31;319;8.3;9.72;13
2024-11-01;318;8.3;5.01;14
2024-11-02;318;8.31;6.73;11
2024-11-03;318;8.35;5.38;12
2024-11-04;318;8.5;41.54;11
2024-11-05;317;8.44;0.21;12
2024-11-06;317;8.56;446.72;11
2024-11-07;318;8.68;3.57;9
2024-11-08;317;8.81;0.05;12
2024-11-09;317;8.71;14.63;11
2024-11-10;317;8.56;13.19;15
2024-11-11;317;8.53;57.8;11
2024-11-12;317;8.51;7.98;15
2024-11-13;318;8.43;12.9;14
2024-11-14;317;8.35;5.92;13
2024-11-15;318;8.28;3.16;12
2024-11-16;318;8.47;9.52;11
2024-11-17;318;8.64;4.02;10
2024-11-18;318;8.65;93.79;11
2024-11-19;318;8.94;11.73;11
2024-11-20;318;9.12;13.37;13
2024-11-21;318;9.35;9.53;16
2024-11-22;318;9.34;13.23;14
2024-11-23;317;9.24;13.29;13
2024-11-24;318;9.23;5.23;12
2024-11-25;318;9.27;26.51;15
2024-11-26;318;9.16;3.07;11
2024-11-27;317;9.2;10.1;11
2024-11-28;318;9.01;5.02;15
2024-11-29;319;8.93;13.47;13
2024-11-30;318;8.84;10.3;12
2024-12-01;318;8.73;5.3;13
2024-12-02;318;8.67;3.4;14
2024-12-03;319;8.78;14.91;15
2024-12-04;318;8.59;11.09;13
2024-12-05;318;8.72;1.19;12
2024-12-06;318;8.95;6.41;10
2024-12-07;318;9.08;14.45;11
2024-12-08;318;9.1;8.04;10
2024-12-09;317;9.15;34.6;14
2024-12-10;317;9.17;9.87;12
2024-12-11;318;9.23;1.67;13
2024-12-12;318;9.11;11.12;13
2024-12-13;317;9.15;368.66;12
2024-12-14;318;9.15;7.23;15
2024-12-15;318;9.31;14.7;11
2024-12-16;319;9.14;52.15;13
2024-12-17;319;9.06;8.09;13
2024-12-18;319;9.03;1.51;15
2024-12-19;319;9.29;5.1;13
2024-12-20;320;9.19;5.47;12
2024-12-21;320;9.11;364.04;11
2024-12-22;320;9.02;15.14;11
2024-12-23;320;9;295.1;14
2024-12-24;321;9.04;0.12;11
2024-12-25;322;9.01;2.42;14
2024-12-26;322;8.87;12.93;15
2024-12-27;322;8.88;7.39;16
2024-12-28;321;9.12;2.25;12
2024-12-29;322;8.99;0.38;14
2024-12-30;321;9.19;0.81;16
2024-12-31;320;8.93;10.03;10
